ID,Primary_Text,Analyzed_Word,Gloss,Translated_Text,Comment,LGRConformance
a1,"Kose mati, kose mati inamati, inamati yetene, inamati yetene yetene afo nari, me afo hinahari.",kose_mati	kose_mati	inamati	inamati	yetene	inamati	yetene	yetene	afo	na	-haari	me	afo	hi-	na	-haari,name_of_monster(M)	name_of_monster(M)	someone(M)	someone(M)	teenage_boy	someone(M)	teenage_boy	teenage_boy	be_blown_into	AUX	-IP.E.M	3PL.S	blow_snuff_into	OC-	AUX	-IP.E.M,The kose mati monster. The teenager was trained as a shaman. They trained him as a shaman.,,WORD_ALIGNED
a2,"Me afo hine, me aafo hie me, me sa hikase, wawama toahi, yama yama yete nematamona.",me	afo	hi-	ne	me	a-	afo	hi-	he	me	me	saa	hi-	ka-	-kose	wa-	waa	-ma	to-	hahi	yama	yama	yete	na	-himata	-mona,3PL.S	blow_snuff_into	OC-	AUX.M	3PL.S	DUP-	blow_snuff_into	OC-	AUX.M	3PL	3PL.S	release	OC-	COMIT-	-middle.M	DUP-	stand	-back	CH-	AUX.M	thing(F)	thing(F)	hunt	AUX	-FP.N.M	-REP.M,"They trained him as a shaman. They trained him over a period of time, and then they were done with him. He was walking around normally again. He went hunting.",,WORD_ALIGNED
a3,Abi abi yama yete obana?,abi	abi	yama	yete	o-	-bana,father(M)	father(M)	thing(F)	hunt	1SG.S-	-FUT,"""Father, should I go hunting?""",,WORD_ALIGNED
a4,Yama yama yete tinahi.,yama	yama	yete	ti-	na	-hi,thing(F)	thing(F)	hunt	2SG.S-	AUX	-IMP.F,"""Go hunting.""",,WORD_ALIGNED
a5,Yama yete tinahi.,yama	yete	ti-	na	-hi,thing(F)	hunt	2SG.S-	AUX	-IMP.F,"""Go hunting.""",,WORD_ALIGNED
a6,Tika.,ti-	ka,2SG.S-	go,"""Go.""",,WORD_ALIGNED
a7,"Bati hiyose, tokehimatamonaka.",bati	hi-	yose	to-	ka	-himata	-mona	-ka,3SG.POSS.father(M)	OC-	command	away-	go	-FP.N.M	-REP.M	-DECL.M,"His father ordered him, and he went.",,WORD_ALIGNED
a8,"Me aafo hiahi wawamisama toe, toke, karaboa tiwa kane, karaboa mase hi nematamona, hho hho hohooo ho.",me	a-	afo	hi-	hahi	wa-	waa	-misa	-ma	to-	he	to-	ke	karaboha	tiwa	ka-	ne	karaboha	mase	hii	na	-himata	-mona,3PL.S	DUP-	blow_snuff_into	OC-	AUX.M	DUP-	stand	-up	-back	CH-	AUX.M	away-	go.M	blowgun(F)	carry	COMIT-	AUX.M	blowgun(F)	curassow(M)	call	AUX	-FP.N.M	-REP.M,"They had trained him as a shaman, and he had returned to normal. He went out into the forest, carrying a blowgun on his shoulder. A curassow was calling. ""Hho hho hohooo ho.""",,WORD_ALIGNED
a9,Mase okaraboamatibe.,mase	o-	karaboha	-mata	-be,curassow(M)	1SG.S-	shoot_with_blowgun	-short_time	-IMMED.F,"""I'm going to shoot the curassow with a dart.""",,WORD_ALIGNED
a10,Mase okaraboamatibe.,mase	o-	karaboha	-mata	-be,curassow(M)	1SG.S-	shoot_with_blowgun	-short_time	-IMMED.F,"""I'm going to shoot the curassow.""",,WORD_ALIGNED
a11,Eti hawa tini?,Eti	hawa	ti-	ha	-ni,Edi(M)	be_finished	2SG.S-	AUX	-BKG.F,"Edi, are you finished?",,WORD_ALIGNED
a12,"Mase karaboebona toke, wasina waha wasina waimetemone amake.",mase	karaboha	-hibona	to-	ke	wasina	waaha	wasina	wai	-mete	-mone	ama	-ke,curassow(M)	shoot_with_blowgun	-INT.M	away-	go.M	kapok(F)	stand.F	kapok(F)	stand.NOM	-FP.N.F	-REP.F	be	-DECL.F,He went on to shoot the curassow. There was a kapok tree.,,WORD_ALIGNED
a13,"Wasina waha, habi ya, kose mati waiyematamonaka ahi mase, mase hi ni tohahari, tonokomisari ahi, tonokomisari hi nari, hho hho hohooo o.",wasina	waaha	habi	ya	kose_mati	wahiya	-himata	-mona	-ka	ahi	mase	mase	hii	ni	to-	ha	-haari	to-	noko	-misa	-haari	ahi	to-	noko	-misa	-haari	hii	na	-haari,kapok(F)	stand.F	root.F	ADJU	name_of_monster(M)	hide	-FP.N.M	-REP.M	-DECL.M	then	curassow(M)	curassow(M)	call	AUX.NFIN	CH-	be	-IP.E.M	away-	point	-up	-IP.E.M	then	away-	point	-up	-IP.E.M	call	AUX	-IP.E.M,"There was a kose mati monster hiding in the buttress roots of the kapok tree, making the sound of a curassow calling. It was looking up. ""Hho hho hohooo o.""",,WORD_ALIGNED
a14,Kakehimatamonaka.,ka	-ke	-himata	-mona	-ka,come	-coming	-FP.N.M	-REP.M	-DECL.M,He was coming.,,WORD_ALIGNED
a15,"Karaboa karaboa tama ni kake, Mase hi nareka ahi.",karaboha	karaboha	tama	na.NFIN	ka	-ke	mase	hii	na	-hare	-ka	ahi,blowgun(F)	blowgun(F)	hold_onto	AUX	come	-coming	curassow(M)	call	AUX	-IP.E.M	-DECL.M	there,"He came with the blowgun in his hand. ""The curassow called there.""",,WORD_ALIGNED
a16,Towawawitebona kose mati fito nakematamonaka ahi.,to-	waa	-waha	-wite	-hibona	kose_mati	fito	na	-ke	-himata	-mona	-ka	ahi,away-	stand	-change	-out	-INT.M	name_of_monster(M)	rush	AUX	-coming	-FP.N.M	-REP.M	-DECL.M	then,"He moved over to a different position, and the monster attacked him.",,WORD_ALIGNED
a17,Fito nake he watematamonaka ahi.,fito	na	-ke	hee	wata	-himata	-mona	-ka	ahi,rush	AUX	-coming	3SG.O	catch	-FP.N.M	-REP.M	-DECL.M	then,"It attacked, and caught him.",,WORD_ALIGNED
a18,"He wate fawa ne bete hikawe he towatamaki, he kakame he kakamematamonaka.",hee	wate	fawa	ne	bete	hi-	ka-	-wee	hee	to-	wata	-maki	hee	ka-	ka	-me	hee	ka-	ka	-ma	-himata	-mona	-ka,3SG.O	catch.M	disappear	AUX.M	run	OC-	COMIT-	-change.M	3SG.O	away-	catch	-following.M	3SG.O	COMIT-	come	-back.M	3SG.O	COMIT-	come	-back	-FP.N.M	-REP.M	-DECL.M,"It caught him. He got free, and ran away with it. It caught him again. It brought him back.",,WORD_ALIGNED
a19,"He kakame, hinaka hisiri itimetemone amake hisiri.",hee	ka-	ka	-me	hinaka	hisiri	iti	-hemete	-mone	ama	-ke	hisiri,3SG.O	COMIT-	come	-back.M	3SG.POSS	basket(F)	pick_up	-FP.N.F	-REP.F	SEC	-DECL.F	basket(F),It brought him back. It picked up its basket.,,WORD_ALIGNED
a20,"Hisiri ya hiberise wete hikane, wete hikane hiwa hiwa katomarematamonaka.",hisiri	ya	hi-	ibe	-rise	wete	hi-	ka-	ne	wete	hi-	ka-	ne	hiwa	hiwa	katoma	-ra	-himata	-mona	-ka,basket(F)	ADJU	OC-	put_inside	-down.M	tie	OC-	COMIT-	AUX.M	tie	OC-	COMIT-	AUX.M	3SG.REFL.M	3SG.REFL.M	damage	-NEG	-FP.N.M	-REP.M	-DECL.M,"It put him in the basket, and tied him in. He didn't make a fuss.",,WORD_ALIGNED
a21,Hiwa katomare wete hikanematamonaka.,hiwa	katoma	-re	wete	hi-	ka-	na	-himata	-mona	-ka,3SG.REFL.M	damage	-NEG.M	tie	OC-	COMIT-	AUX	-FP.N.M	-REP.M	-DECL.M,"He didn't make a fuss, and it tied him in.",,WORD_ALIGNED
a22,"Wete hikane, Oof, haa, koro okofimataba.",wete	hi-	ka-	ne	oof	haa	koro	o-	ka-	-fi	-mata	-ba,tie	OC-	COMIT-	AUX.M	hoo	(expression_of_exhaustion)	throw	1SG.S-	COMIT-	-water	-short_time	-IMMED.M,"It tied him in. ""Whew, I'm going to throw him in the water.""",,WORD_ALIGNED
a23,Tokomisematamona wasina ya ahi.,to-	ka	-misa	-himata	-mona	wasina	ya	ahi,away-	go	-up	-FP.N.M	-REP.M	kapok(F)	ADJU	then,It went up into the kapok tree.,,WORD_ALIGNED
a24,"Wasina wa ya tokomise, tokomise Ho-o, ho-o, ho-o, ho-o, ho-o, ho-o weye hikanematamona tati ya.",wasina	waa	ya	to-	ka	-mise	to-	ka	-mise	weye	hi-	ka-	na	-himata	-mona	tati	ya,kapok(F)	stand.F	ADJU	away-	go	-up.M	away-	go	-up.M	carry	OC-	COMIT-	AUX	-FP.N.M	-REP.M	head	ADJU,"It went up the kapok tree. It went up. ""Ho-o, ho-o, ho-o."" It was carrying him attached by its head.",,WORD_ALIGNED
a25,"Weye hikane, kobo hikamise wasina ini batori ya, tokomisawawite fa fa kaya nemetemoneke ahi.",weye	hi-	ka-	ne	kobo	hi-	ka-	-mise	wasina	ini	batori	ya	to-	ka	-misa	-waha	-wite	faha	faha	kaya	na	-hemete	-mone	-ke	ahi,carry	OC-	COMIT-	AUX.M	arrive	OC-	COMIT-	-up.M	kapok(F)	branch.F	junction	ADJU	away-	go	-up	-change	-out	water(F)	water(F)	stand	AUX	-FP.N.F	-REP.F	-DECL.F	there,"It carried him. It arrived up high with him. At the place where there was a branch in the kapok tree, it went around. There was a lake.",,WORD_ALIGNED
a26,"Fa kaya na wasina warebasa, wasina warebasa, tokomisawite bere hikawitematamonaka wasina mani yai tona mani bari ya.",faha	kaya	na	wasina	waa	-re	-basa	wasina	waa	-ri	-basa	to-	ka	-misa	-witi	bere	hi-	ka-	-wite	-himata	-mona	-ka	wasina	mani	yai	to-	na	mani	bari	ya,water(F)	stand	AUX.F	kapok(F)	stand	-raised_surface	-edge.F	kapok(F)	stand	-raised_surface	-edge.F	away-	go	-up	-out	be_across	OC-	COMIT-	-out	-FP.N.M	-REP.M	-DECL.M	kapok(F)	branch.F	be_straight	CH-	AUX.F	branch.F	outer_surface	ADJU,"The kapok tree was on the edge of a lake. It went up the kapok tree, and took him out along a straight limb of the kapok tree, on top of the limb.",,WORD_ALIGNED
a27,"Weye kani hike, weye kani hikematamonaka.",weye	ka-	ni	hi-	ke	weye	ka-	ni	hi-	ka	-himata	-mona	-ka,carry	COMIT-	AUX.NFIN	OC-	go.M	carry	COMIT-	AUX.NFIN	OC-	go	-FP.N.M	-REP.M	-DECL.M,It went carrying him in the basket.,"The reason the O-construction prefix hi- occurs on the intransitive verb toka is that there is control, and the hi- is transferred from the subordinate clause to the matrix clause (cf. Vogel 2015:42f).",WORD_ALIGNED
a28,"Weye kani hike, Hima, koro okofimataba.",weye	ka-	ni	hi-	ke	hima	koro	o-	ka-	-fi	-mata	-ba,carry	COMIT-	AUX.NFIN	OC-	go.M	let's_go	throw	1SG.S-	COMIT-	-water	-short_time	-IMMED.M,"It went carrying him in the basket. ""All right, I will throw him in the water with the basket.""",,WORD_ALIGNED
a29,Wene hikanematamonaka ahi.,wene	hi-	ka-	na	-himata	-mona	-ka	ahi,wag	OC-	COMIT-	AUX	-FP.N.M	-REP.M	-DECL.M	then,It swung him back and forth.,,WORD_ALIGNED
a30,"Wene hikane, Koro, fa bai kabokebona, isss sssss towakamematamonaka ahi.",wene	hi-	ka-	ne	koro	faha	bai	ka-	boka	-hibona	to-	ka-	ka	-ma	-himata	-mona	-ka	ahi,wag	OC-	COMIT-	AUX.M	(sound_of_something_being_thrown)	water(F)	middle	COMIT-	enter_water	-INT.M	away-	COMIT-	go	-back	-FP.N.M	-REP.M	-DECL.M	then,"It swung him back and forth, and threw him. Instead of landing in the water, he went back.",,WORD_ALIGNED
a31,"Towakame, tihi tokaname, Omm, kabokebona one, hiba.",to-	ka-	ka	-me	tihi	to-	ka-	na	-me	ka-	boka	-hibona	o-	ne	hiba,away-	COMIT-	go	-back.M	hit	away-	COMIT-	AUX	-back.M	COMIT-	enter_water	-INT.M	1SG.S-	say.M	wait,"He went back, and landed there. ""Humph, I wanted him to go in the water, wait.""",,WORD_ALIGNED
a32,Kisamake kisamake warewame yama hoti howa toni ya sonehimatamonaka ahi karii beo.,ka	-risa	-make	ka	-risa	-make	waa	-re	-waha	-me	yama	hoti	howa	to-	ni	ya	sona	-himata	-mona	-ka	ahi	karii	beo,come	-down	-following	come	-down	-following	stand	-raised_surface	-change	-back.M	thing(F)	hole.F	be_open	CH-	AUX.NOM.F	ADJU	fall	-FP.N.M	-REP.M	-DECL.M	then	(sound_of_going_down)	(sound_of_hitting_ground),"It went down. It came back on the branch. It went down through an open place in the branches, karii, beo.",,WORD_ALIGNED
a33,"Faya hiwakitimake, hiwakitimakematamonaka.",faya	hi-	ka-	iti	-make	hi-	ka-	iti	-make	-himata	-mona	-ka,so	OC-	COMIT-	pick_up	-following	OC-	COMIT-	take_out	-following	-FP.N.M	-REP.M	-DECL.M,It got him again.,,WORD_ALIGNED
a34,"Hiwakitimake, hiwakitimake, Hee.",hi-	ka-	iti	-make	hi-	ka-	iti	-make	hee,OC-	COMIT-	pick_up	-following	OC-	COMIT-	pick_up	-following	hey,"It got him again. ""Help.""",,WORD_ALIGNED
a35,Oo ha rima tinahi.,oo	haa	rima	ti-	na	-hi,oh_no	call	NEG.IMP.F	2SG.S-	AUX	-IMP.F,"""Hey, don't call.""",,WORD_ALIGNED
a36,"Yama abara awineni, hee.",yama	ahaba	-ra	awine	-ni	hee,thing(F)	end	-NEG.F	seem.F	-BKG.F	hey,"""There is no one to help me, help.""",,WORD_ALIGNED
a37,Mitarama ni ha ne ha ni kasiromona ha ni kasiromonamako noko mi hinematamonaka ahi.,mita	-rama	ni	haa	ne	haa	ni	kasiro	-himona	haa	ni	kasiro	-mona	-mako	noko	mii	hi-	na	-himata	-mona	-ka	ahi,hear	-unusual	AUX.NFIN	call	AUX.M	call	AUX.NFIN	persist	-REP.M	call	AUX.NFIN	persist	-REP.M	-for_this_reason.M	face.M	defecate_on	OC-	AUX	-FP.N.M	-REP.M	-DECL.M	then,"But he kept on calling out. Because he stubbornly kept on calling out, it defecated on his face.",,WORD_ALIGNED
a38,Noko iyo kowewe kihakiha.,noko	iyo	kowewe	kiha-	kiha,face.M	feces(F)	diarrhea(F)	DUP	have,His face had diarrhea on it.,,WORD_ALIGNED
a39,Noko iyo kihematamona.,noko	iyo	kiha	-himata	-mona,face.M	feces(F)	have	-FP.N.M	-REP.M,His face had feces on it.,,WORD_ALIGNED
a40,"Noko mi hine, noko mi hine hiwakimisamatasematamona.",noko	mii	hi-	ne	noko	mii	hi-	ne	hi-	ka-	ka	-misa	-ma	-tasa	-himata	-mona,face.M	defecate_on	OC-	AUX.M	face.M	defecate_on	OC-	AUX.M	OC-	COMIT-	go	-up	-back	-again	-FP.N.M	-REP.M,It defecated on his face. It took him back up in the basket.,,WORD_ALIGNED
a41,"Hiwakimisamatase, hiwakimisamematamona.",hi-	ka-	ka	-misa	-ma	-tase	hi-	ka-	ka	-misa	-ma	-himata	-mona,OC-	COMIT-	go	-up	-back	-again.M	OC-	COMIT-	go	-up	-back	-FP.N.M	-REP.M,It took him back up in the basket.,,WORD_ALIGNED
a42,"Hiwakimisame Ho-o ho-o, ho-o, ho-o ati tokomisamematamona.",hi-	ka-	ka	-misa	-me	ati	to-	ka	-misa	-ma	-himata	-mona,OC-	COMIT-	go	-up	-back.M	voice	away-	go	-up	-back	-FP.N.M	-REP.M,"It took him back up. ""Ho-o, ho-o, ho-o, ho-o."" Its voice could be heard as it went back up.","The pronunciation hiwakimisame is an archaism, younger Jarawaras say [heekimisame]. That is, the younger speakers apply a morphophonological rule that Siko does not apply (Dixon 2004:37). See also hiwakame in sentence (99).",WORD_ALIGNED
a43,"Ati tokomisame ati tokomisame, ati tokomisame bori tomisame Oof.",ati	to-	ka	-misa	-me	ati	to-	ka	-misa	-me	ati	to-	ka	-misa	-me	bori	to-	-misa	-me	oof,voice	away-	go	-up	-back.M	voice	away-	go	-up	-back.M	voice	away-	go	-up	-back.M	get_close	away-	-up	-back.M	hoo,"Its voice could be heard as it went back up. It was close. ""Whew.""",,WORD_ALIGNED
a44,Weye kani forima hine bere hikawitematamonaka.,weye	ka-	ni	forima	hi-	ne	bere	hi-	ka-	-wite	-himata	-mona	-ka,carry	COMIT-	AUX.NFIN	do_properly	OC-	AUX.M	be_across	OC-	COMIT-	-out	-FP.N.M	-REP.M	-DECL.M,It straightened the basket so it would not fall. It went along the limb with him.,,WORD_ALIGNED
a45,"Bere hikawite, bere hikawitematamonaka.",bere	hi-	ka-	-wite	bere	hi-	ka-	-wite	-himata	-mona	-ka,be_across	OC-	COMIT-	-out	be_across	OC-	COMIT-	-out	-FP.N.M	-REP.M	-DECL.M,It went along the limb with him.,,WORD_ALIGNED
a46,Bere hikawite wati hikane tawi hikanematamonaka.,bere	hi-	ka-	-wite	wati	hi-	ka-	ne	tawi	hi-	ka-	na	-himata	-mona	-ka,be_across	OC-	COMIT-	-out	plan_against	OC-	COMIT-	AUX.M	spin	OC-	COMIT-	AUX	-FP.N.M	-REP.M	-DECL.M,It went along the limb with him. It planned against him. It swung him back and forth.,,WORD_ALIGNED
a47,"Tawi hikane, koro.",tawi	hi-	ka-	ne	koro,spin	OC-	COMIT-	AUX.M	(sound_of_something_being_thrown),"It swung him back and forth, and threw him.",,WORD_ALIGNED
a48,"Faya, towakematamonaka ahi kabokabakani.",faya	to-	ka-	ka	-himata	-mona	-ka	ahi	ka-	boka	-ba	-kani,so	away-	COMIT-	go	-FP.N.M	-REP.M	-DECL.M	then	COMIT-	enter_water	-FUT	-CNTRFACT,"But he went back, even though the monster thought he was going to go in the water.",,WORD_ALIGNED
a49,Fa fa baki yokana iss sss towakame tihi tokanamematamonaka.,faha	faha	baki	yokana	to-	ka-	ka	-me	tihi	to-	ka-	na	-ma	-himata	-mona	-ka,water(F)	water(F)	inside_surface.F	true	away-	COMIT-	go	-back.M	hit	away-	COMIT-	AUX	-back	-FP.N.M	-REP.M	-DECL.M,He almost touched the surface of the water as he went back. He landed back there.,,WORD_ALIGNED
a50,"Aa, kabokebona one, kabokebona one, kakasi raba reba ama narani, faha ihi toehibona onahari.",aa	ka-	boka	-hibona	o-	ne	ka-	boka	-hibona	o-	ne	ka-	kasi	raba	ra	-hiba	ama	na	-rani	faha	ihi	to-	ha	-hibona	o-	na	-haari,(expression_of_displeasure)	COMIT-	enter_water	-INT.M	1SG.S-	say.M	COMIT-	enter_water	-INT.M	1SG.S-	say.M	DUP-	be_naughty	a_bit	NEG	-FUT.M	SEC	AUX.M	-?	water(F)	victim_of.F	CH-	be	-INT.M	1SG.S-	say	-IP.E.M,"""Aa, I wanted him to go in the water. He is naughty. I wanted him to drown.""",,WORD_ALIGNED
a51,Bere name bere name sonematamonaka ahi.,bere	na	-me	bere	na	-me	sona	-himata	-mona	-ka	ahi,be_across	AUX	-back.M	be_across	AUX	-back.M	fall	-FP.N.M	-REP.M	-DECL.M	then,"It came back on the limb, and went down.",,WORD_ALIGNED
a52,Sonematamonaka ahi baasa beo.,sona	-himata	-mona	-ka	ahi	baasa	beo,fall	-FP.N.M	-REP.M	-DECL.M	then	(sound_of_hitting_leaves)	(sound_of_hitting_ground),"It went down, baasa, beo.",,WORD_ALIGNED
a53,Faya ha ne Ha nareka.,faya	haa	ne	haa	na	-hare	-ka,so	call	AUX.M	call	AUX	-IP.E.M	-DECL.M,"He called out. ""He is calling out.""",,WORD_ALIGNED
a54,"Yama abara awineni, hee.",yama	ahaba	-ra	awine	-ni	hee,thing(F)	die	-NEG.F	seem.F	-BKG.F	hey,"""There is no one to help me, help.""",,WORD_ALIGNED
a55,Ha rima tinahi.,haa	rima	ti-	na	-hi,call	NEG.IMP.F	2SG.S-	AUX	-IMP.F,"""Don't call out.""",,WORD_ALIGNED
a56,"Hiwakitimake, noko mi hinemata.",hi-	ka-	iti	-make	noko	mii	hi-	na	-himata,OC-	COMIT-	pick_up	-following	face.M	defecate_on	OC-	AUX	-FP.N.M,It came and got him. It defecated on his face.,,WORD_ALIGNED
a57,Ha ni kasiromona noko mi hinematamonaka ahi iyo kowewe ya.,haa	ni	kasiro	-himona	noko	mii	hi-	na	-himata	-mona	-ka	ahi	iyo	kowewe	ya,call	AUX.NFIN	persist	-REP.M	face.M	defecate_on	OC-	AUX	-FP.N.M	-REP.M	-DECL.M	then	feces(F)	diarrhea(F)	ADJU,"Because he said he wouldn't stop calling out, it defecated diarrhea on his face.",,WORD_ALIGNED
a58,"Faya noko mi hine, noko mi hine hiwakimisame, Oof, hoo hiba kabokaba nena.",faya	noko	mii	hi-	ne	noko	mii	hi-	ne	hi-	ka-	ka	-misa	-me	oof	hoo	hiba	ka-	boka	-ba	na	-hina,so	face.M	defecate_on	OC-	AUX.M	face.M	defecate_on	OC-	AUX.M	OC-	COMIT-	go	-up	-back.M	hoo	humph	wait	COMIT-	enter_water.M	-FUT	AUX	-IRR.M,"It defecated on his face. It took him back up. ""Oof, hoo, he should have gone into the water.""",,WORD_ALIGNED
a59,Hiwa aawa re.,hiwa	a-	awa	re,3SG.REFL.M	DUP-	see	NEG.M,"""Why didn't he?""",,WORD_ALIGNED
a60,Hiyamata hiri nahi?,hiyamata	hiri	nahi,what?	do	AUX.M,"""What did he do?""",,WORD_ALIGNED
a61,Hiwakimisamematamona fahi.,hi-	ka-	ka	-misa	-ma	-himata	-mona	fahi,OC-	COMIT-	go	-up	-back	-FP.N.M	-REP.M	then,It took him back up.,,WORD_ALIGNED
a62,"Hiwakimisame, hiwakimisame, tokomisamematamona.",hi-	ka-	ka	-misa	-me	hi-	ka-	ka	-misa	-me	to-	ka	-misa	-ma	-himata	-mona,OC-	COMIT-	go	-up	-back.M	OC-	COMIT-	go	-up	-back.M	away-	go	-up	-back	-FP.N.M	-REP.M,It took him back up. It went back up.,,WORD_ALIGNED
a63,"Tokomisama tokomisame ya, tokomisama tokomisame ya bori tomisama, faya bere hikawitemata fahi.",to-	ka	-misa	-ma	to-	ka	-misa	-me	ya	to-	ka	-misa	-ma	to-	ka	-misa	-me	ya	bori	to-	-misa	-ma	faya	bere	hi-	ka-	-wite	-himata	fahi,away-	go	-up	-back.LIST	away-	go	-up	-back.NOM.M	ADJU	away-	go	-up	-back.LIST	away-	go	-up	-back.NOM.M	ADJU	get_close	away-	-up	-back.LIST	so	be_across	OC-	COMIT-	-out	-FP.N.M	then,It went back up. It got close to the top. Then it took him out on the limb.,,WORD_ALIGNED
a64,"Bere hikanamatase, bere hikaname kobo tokaname ya tawi hikanematamonaka ahi.",bere	hi-	ka-	na	-ma	-tase	bere	hi-	ka-	na	-me	kobo	to-	ka-	na	-me	ya	tawi	hi-	ka-	na	-himata	-mona	-ka	ahi,be_across	OC-	COMIT-	AUX	-back	-again.M	be_across	OC-	COMIT-	AUX	-back.M	arrive	away-	COMIT-	AUX	-back.NOM.M	ADJU	spin	OC-	COMIT-	AUX	-FP.N.M	-REP.M	-DECL.M	then,"It took him out on the limb again. When it arrived, it swung him back and forth.",,WORD_ALIGNED
a65,Tawi hikanematamona.,tawi	hi-	ka-	na	-himata	-mona,spin	OC-	COMIT-	AUX	-FP.N.M	-REP.M,It swung him back and forth.,,WORD_ALIGNED
a66,"Tawi hikane, koro towake, towake kabokebona towakamatasematamonaka ahi sissss sssi.",tawi	hi-	ka-	ne	koro	to-	ka-	ke	to-	ka-	ke	ka-	boka	-hibona	to-	ka-	ka	-ma	-tasa	-himata	-mona	-ka	ahi,spin	OC-	COMIT-	AUX.M	(sound_of_something_being_thrown)	away-	COMIT-	go.M	away-	COMIT-	go.M	COMIT-	enter_water	-INT.M	away-	COMIT-	go	-back	-again	-FP.N.M	-REP.M	-DECL.M	then,"It swung him back and forth. Koro, he went out. He didn't fall in the water, but went along the surface, sissss, sssi.",,WORD_ALIGNED
a67,Fara fara wasina wai ya totokowitamematamonaha.,fara	fara	wasina	wai	ya	to-	to-	ka-	ita	-ma	-himata	-mona	-ha,same.F	same.F	kapok(F)	stand.NOM	ADJU	DUP-	away-	COMIT-	sit	-back	-FP.N.M	-REP.M	-DUP,He landed and sat again where the kapok tree was.,,WORD_ALIGNED
a68,"Aa, kakasi raba nahare.",aa	ka-	kasi	raba	na	-hare,(expression_of_displeasure)	DUP-	be_naughty	a_bit	AUX	-NEG.M,"""Aa, there he goes again.""",,WORD_ALIGNED
a69,Kame bere name sonatasematamonaka fahi.,ka	-me	bere	na	-me	sona	-tasa	-himata	-mona	-ka	fahi,come	-back.M	be_across	AUX	-back.M	fall	-again	-FP.N.M	-REP.M	-DECL.M	then,"It came back along the branch again, and came down again.",,WORD_ALIGNED
a70,"Sone, me inamati narabi hawihani, me me inamati inamati narabo hawihino me me famemetemoneke me narabi hawihani mati.",sone	me_inamati	narabi	hawi	-hani	me	me_inamati	inamati	narabo	hawi	-hino	me	me	fama	-hemete	-mone	-ke	me	narabi	hawi	-hani	mati,fall.M	spirits(F)	ear.F	work	-IP.N.F	3PL	spirits(F)	spirit(M)	ear.M	work	-IP.N.M	3PL	3PL.S	be_two	-FP.N.F	-REP.F	-DECL.F	3PL.POSS	ear.F	work	-IP.N.F	3PL.POSS,It came down. The spirits heard something. The spirit heard something. There were two of them that heard something.,,WORD_ALIGNED
a71,Inamati ama narani one ha ne inamati were kanareka owahari.,inamati	ama	na	-rani	o-	ne	haa	ne	inamati	were	ka-	na	-hare	-ka	o-	awa	-haari,someone(M)	be	AUX.M	-?	1SG.S-	say.M	call	AUX.M	spirit(M)	throw	COMIT-	AUX	-IP.E.M	-DECL.M	1SG.S-	see	-IP.E.M,"""The monster threw someone in something who was calling, I saw him.""",,WORD_ALIGNED
a72,Hari hiwakimisamatase.,haari	hi-	ka-	ka	-misa	-ma	-tase,that_one.M	OC-	COMIT-	go	-up	-back	-again.M,"""There, it took him up again.""",,WORD_ALIGNED
a73,Hibare mata awaraba timata mata.,hibare	mata	awaraba	ti-	-mata	mata,wait	for_now	leave_something_alone	2SG.S-	-short_time	for_now,"""Wait, don't do anything yet.""",,WORD_ALIGNED
a74,E kakatomamata.,ee	ka-	katoma	-mata,1IN.S	COMIT-	look_at	-short_time,"""Let's watch him.""",,WORD_ALIGNED
a75,"Faya bere hikaname, bere hikaname Tekatoma.",faya	bere	hi-	ka-	na	-me	bere	hi-	ka-	na	-me	ti-	ka-	katoma,so	be_across	OC-	COMIT-	AUX	-back.M	be_across	OC-	COMIT-	AUX	-back.M	2SG.S-	COMIT-	look_at,"It took him out on the limb. ""Look at him.""",,WORD_ALIGNED
a76,Faya koro hikanamatasematamonaka ahi.,faya	koro	hi-	ka-	na	-ma	-tasa	-himata	-mona	-ka	ahi,so	throw	OC-	COMIT-	AUX	-back	-again	-FP.N.M	-REP.M	-DECL.M	then,It threw him again.,,WORD_ALIGNED
a77,Koro hikaname kabokebona kakamatasematamonaka ahi isissss.,koro	hi-	ka-	na	-me	ka-	boka	-hibona	ka-	ka	-ma	-tasa	-himata	-mona	-ka	ahi,throw	OC-	COMIT-	AUX	-back.M	COMIT-	enter_water	-INT.M	DUP-	come	-back	-again	-FP.N.M	-REP.M	-DECL.M	then,"It threw him. He didn't fall into the water, but went back again, isissss.",,WORD_ALIGNED
a78,Tihi tokanama tihi tokaname ya Owati tikasawariara tini.,tihi	to-	ka-	na	-ma	tihi	to-	ka-	na	-me	ya	o-	ati	ti-	ka-	sawari	-hara	ti-	ni,hit	away-	COMIT-	AUX	-back.LIST	hit	away-	COMIT-	AUX	-back.NOM.M	ADJU	1SG.POSS-	voice	2SG.S-	COMIT-	frustrate	-IP.E.F	2SG.S-	BKG.F,"He landed upright. ""I told you.""",,WORD_ALIGNED
a79,"Inamati, inamati were kane amane, hiba.",inamati	inamati	were	ka-	ne	ama	-ne	hiba,someone(M)	spirit(M)	throw	COMIT-	AUX.M	SEC	-BKG.M	wait,"""The monster threw someone in something.""",,WORD_ALIGNED
a80,Bao nisematamona.,bao	na	-risa	-himata	-mona,come_down	AUX	-down	-FP.N.M	-REP.M,It jumped down.,,WORD_ALIGNED
a81,"Bao nisi me hiwe, fare sosona yokana ya, sosona yokana ya wabise yoro naba me kakiemetemoneni.",bao	na	-risi	me	hi-	awe	fare	sosona	yokana	ya	sosona	yokana	ya	wabise	yoro	na	-haba	me	ka-	ka	-ki	-hemete	-mone	-ni,come_down	AUX	-down.NFIN	3PL.S	OC-	see.M	same.M	place_of_falling	true	ADJU	place_of_falling	true	ADJU	spear(F)	stand	AUX	-FUT.F	3PL.S	COMIT-	come	-coming	-FP.N.F	-REP.F	-BKG.F,They saw it coming down. Two spears would stand right where it came down. The two of them came.,,WORD_ALIGNED
a82,Me kakiemetemoneke.,me	ka-	ka	-ki	-hemete	-mone	-ke,3PL.S	COMIT-	come	-coming	-FP.N.F	-REP.F	-DECL.F,They came.,,WORD_ALIGNED
a83,"Inamati, inamati were kanaka, me, ati na me me, Hiya.",inamati	inamati	were	ka-	na	-ka	me	ati	na	me	me	hiya,spirit(M)	spirit(M)	throw	COMIT-	AUX	-DECL.M	3PL.S	say	AUX.F	3PL.S	3PL	come_on,"""The monster threw someone in something,"" they said. ""Here.""",,WORD_ALIGNED
a84,"Weye hikamisa weye hikamisame ya hiwakimisama, hiwakimisamematamonaka ahi.",weye	hi-	ka-	-misa	weye	hi-	ka-	-misa	-me	ya	hi-	ka-	ka	-misa	-ma	hi-	ka-	ka	-misa	-ma	-himata	-mona	-ka	ahi,carry	OC-	COMIT-	-up.LIST	carry	OC-	COMIT-	-up	-back.NOM.M	ADJU	OC-	COMIT-	go	-up	-back.LIST	OC-	COMIT-	go	-up	-back	-FP.N.M	-REP.M	-DECL.M	then,It put him on its back again in the basket. It went up with him.,,WORD_ALIGNED
a85,"Hiwakimisame, me kafotoke me, wabise me taba nisikimemetemone ahi tokanokomisaharo ahi.",hi-	ka-	ka	-misa	-me	me	ka-	foto	-ke	me	wabise	me	taba	na	-risa	-kima	-hemete	-mone	ahi	to-	ka-	noko	-misa	-haaro	ahi,OC-	COMIT-	go	-up	-back.M	3PL.S	COMIT-	appear	-coming	3PL.S	spear(F)	3PL.S	stick_in	AUX	-down	-two	-FP.N.F	-REP.F	then	away-	COMIT-	point	-up	-IP.E.F	then,It took him up. The two of them appeared. They stuck two spears in the ground. They were standing upright.,,WORD_ALIGNED
a86,Wabise tokanokomisemetemone ama ahi ini famariaro ahi.,wabise	to-	ka-	noko	-misa	-hemete	-mone	ama	ahi	ini	fama	-ri	-haaro	ahi,spear(F)	away-	COMIT-	point	-up	-FP.N.F	-REP.F	SEC	then	point.F	be_two	-raised_surface	-IP.E.F	then,"The spears were pointing up, two together.",,WORD_ALIGNED
a87,"Faya ini famaria me, wabise me taba nisikima me me yoro na me tokome bere hikawitematamonaka.",faya	ini	fama	-ria	me	wabise	me	taba	na	-risa	-kima	me	me	yoro	na	me	to-	ka	-me	bere	hi-	ka-	-wite	-himata	-mona	-ka,so	point.F	be_two	-raised_surface.F	3PL	spear(F)	3PL.S	stick_in	AUX	-down	-two.F	3PL.S	3PL.S	stand	AUX.F	3PL.S	away-	go	-back.M	be_across	OC-	COMIT-	-out	-FP.N.M	-REP.M	-DECL.M,The points were together. They stuck the two spears in the ground. They stood there. It went and took him out on the limb.,,WORD_ALIGNED
a88,"Bere hikawite, Kabokaba nena kakasi raba nahare, hiba.",bere	hi-	ka-	-wite	ka-	boka	-ba	na	-hina	ka-	kasi	raba	na	-hare	hiba,be_across	OC-	COMIT-	-out	COMIT-	enter_water.M	-FUT	AUX	-IRR.M	DUP-	be_naughty	a_bit	AUX	-NEG.M	wait,"It took him out on the limb. ""I want him to go into the water now.""",,WORD_ALIGNED
a89,Tawi hikanematamonaka ahi.,tawi	hi-	ka-	na	-himata	-mona	-ka	ahi,spin	OC-	COMIT-	AUX	-FP.N.M	-REP.M	-DECL.M	then,It swung him back and forth.,,WORD_ALIGNED
a90,"Tawi hikane koro, tefe nabakani, kakamakematamonaka ahi.",tawi	hi-	ka-	ne	koro	tefe	na	-ba	-kani	ka-	ka	-make	-himata	-mona	-ka	ahi,spin	OC-	COMIT-	AUX.M	(sound_of_something_being_thrown)	fall_in_water	AUX.M	-FUT	-CNTRFACT	DUP-	come	-following	-FP.N.M	-REP.M	-DECL.M	then,"It swung him back and forth. Koro, it thought he would go into the water, but he came back to the same place.",,WORD_ALIGNED
a91,"Towakame sisssss kobo tokaname, Aa, kakasi raba nahare.",to-	ka-	ka	-me	kobo	to-	ka-	na	-me	aa	ka-	kasi	raba	na	-hare,away-	COMIT-	go	-back.M	arrive	away-	COMIT-	AUX	-back.M	(expression_of_displeasure)	DUP-	be_naughty	a_bit	AUX	-NEG.M,"He went over the water, sisss, and arrived again. ""Aa, there he goes again.""",,WORD_ALIGNED
a92,Kamematamonaka.,ka	-ma	-himata	-mona	-ka,come	-back	-FP.N.M	-REP.M	-DECL.M,It came back.,,WORD_ALIGNED
a93,"Bere name bere name, fare sosona ya wabise yoro na rama ahi.",bere	na	-me	bere	na	-me	fare	sosona	ya	wabise	yoro	na	rama	ahi,be_across	AUX	-back.M	be_across	AUX	-back.M	same.M	place_of_falling	ADJU	spear(F)	stand	AUX.F	unusual	then,It came back on the limb. The two spears were standing at the place where he always landed.,,WORD_ALIGNED
a94,"Wabise yoro na me, kari, beo nebona wabise tasi hine kiya nematamonaka.",wabise	yoro	na	me	kari	beo	na	-hibona	wabise	tasi	hi-	ne	kiya	na	-himata	-mona	-ka,spear(F)	stand	AUX	3PL	(sound_of_dropping)	(sound_of_hitting_ground)	AUX	-INT.M	spear(F)	go_through	OC-	AUX.M	yell	AUX	-FP.N.M	-REP.M	-DECL.M,"The two spears were upright. It dropped, and when it was going to hit the ground, the spears went through it, and it cried out.",,WORD_ALIGNED
a95,"Aya aya aya, kiya kanematamonaka.",aya	aya	aya	kiya	ka-	na	-himata	-mona	-ka,(expression_of_pain)	(expression_of_pain)	(expression_of_pain)	yell	COMIT-	AUX	-FP.N.M	-REP.M	-DECL.M,"""Aya, aya, aya."" It cried out.",,WORD_ALIGNED
a96,"Toharisaba ne rama wabise mate ka ya ahi, sona raba namako.",to-	iha	-risa	-baa	ne	rama	wabise	mate	ka	ya	ahi	sona	raba	na	-mako,away-	be_located	-down	-at_a_distance	AUX.M	unusual	spear(F)	base.F	LOC	ADJU	then	fall	a_bit	AUX	-for_this_reason.M,"It went right down to the hilts of the spears, because it fell hard.",,WORD_ALIGNED
a97,"Faya kiya kane, me fito hikanamaki me hinabowame, me hinabowematamonaka ahi.",faya	kiya	ka-	ne	me	fito	hi-	ka-	na	-maki	me	hi-	naabowa	-me	me	hi-	naabowa	-himata	-mona	-ka	ahi,so	yell	COMIT-	AUX.M	3PL.S	rush	OC-	COMIT-	AUX	-following.M	3PL.S	OC-	kill	-back.M	3PL.S	OC-	kill	-FP.N.M	-REP.M	-DECL.M	then,"It cried out. They rushed it, and finished it off. They killed it.",,WORD_ALIGNED
a98,"Ahabe ya, abematamonaka.",ahabe	ya	ahaba	-himata	-mona	-ka,die.NOM.M	ADJU	die	-FP.N.M	-REP.M	-DECL.M,It died.,,WORD_ALIGNED
a99,"Abe ya me, me hekitimake me hiwakame, Hee, himata ebe tinahani?",ahabe	ya	me	me	hi-	ka-	iti	-make	me	hi-	ka-	ka	-me	hee	himata	ebe	ti-	na	-hani,die.NOM.M	ADJU	3PL	3PL.S	OC-	COMIT-	pick_up	-following	3PL.S	OC-	COMIT-	come	-back.M	hey	what?	happen_to	2SG.S-	AUX	-IP.N.F,"When it died, they went and got him, and brought him back. ""Hey, what happened to you?""",,WORD_ALIGNED
a100,Tiwa wateino ama?,tiwa	wata	-hino	ama,2SG.O	catch	-IP.N.M	SEC,"""Did it capture you?""",,WORD_ALIGNED
a101,Owa wate amaka ahi.,owa	wate	ama	-ka	ahi,1SG.O	catch.M	SEC	-DECL.M	then,"""It captured me.""",,WORD_ALIGNED
a102,Waino ama ahi.,wai	-no	ama	ahi,stand.NOM	-IP.N.M	be	there,"""It was there on the ground.""",,WORD_ALIGNED
a103,Waino ya owa were kanaka ahi.,wai	-no	ya	owa	were	ka-	na	-ka	ahi,stand.NOM	-IP.N.M	ADJU	1SG.O	throw	COMIT-	AUX	-DECL.M	then,"""It threw me from where it was.""",,WORD_ALIGNED
a104,"Waino ama ahi, mase hi ni tohahari.",wai	-no	ama	ahi	mase	hii	ni	to-	ha	-haari,stand.NOM	-IP.N.M	be	there	curassow(M)	call	AUX.NFIN	CH-	be	-IP.E.M,"""It was there making the call of a curassow.""",,WORD_ALIGNED
a105,Mase hi ni toenoka.,mase	hii	ni	to-	ha	-hino	-ka,curassow(M)	call	AUX.NFIN	CH-	be	-IP.N.M	-DECL.M,"""It was making the call of a curassow.""",,WORD_ALIGNED
a106,Owareno obatasi ka ya owa watareka.,o-	awa	-ra	-hino	o-	batasi	ka	ya	owa	wata	-hare	-ka,1SG.S-	see	-NEG	-IP.N.M	1SG.POSS-	middle_of_back	LOC	ADJU	1SG.O	catch	-IP.E.M	-DECL.M,"""I didn't see it, and it captured me from behind.""",,WORD_ALIGNED
a107,"Faya me, me, Homahari ha.",faya	me	me	homa	-haari	haa,so	3PL	3PL	lie_on_ground	-look.M	DEM,"""There it is, lying on the ground.""",,WORD_ALIGNED
a108,Tiwa ha.,ti-	awa	haa,2SG.S-	see	DEM,"""Look at it.""",,WORD_ALIGNED
a109,Homakane.,homa	-kane,lie_on_ground	-(?).M,"""Look at it lying there.""",,WORD_ALIGNED
a110,Kose mati amoamosa nematamonaha.,kose_mati	amo-	amosa	na	-himata	-mona	-ha,name_of_monster(M)	DUP-	be_good	AUX	-FP.N.M	-REP.M	-DUP,"""The kose mati is huge.""",,WORD_ALIGNED
a111,Ota kabebanaka.,otaa	kaba	-hibana	-ka,1EX.O	eat	-FUT.M	-DECL.M,"""We will eat it.""",,WORD_ALIGNED
a112,Faya he me he me katisemetemoneke fahi.,faya	hee	me	hee	me	ka-	tisa	-hemete	-mone	-ke	fahi,so	3SG.O	3PL	3SG.O	3PL.S	COMIT-	undo	-FP.N.F	-REP.F	-DECL.F	then,Then they untied him.,,WORD_ALIGNED
a113,"He me katisa noko me hikatise, me fito hinihe Afi tinahi.",hee	me	ka-	tisa	noko	me	hi-	ka-	tise	me	fito	hi-	nihe	afi	ti-	na	-hi,3SG.O	3PL.S	COMIT-	undo.F	face.M	3PL.S	OC-	COMIT-	undo.M	3PL.S	rush	OC-	CAUS.M	bathe	2SG.S-	AUX	-IMP.F,"They untied him. They untied the basket over his face. They let him out. ""Go take a bath.""",,WORD_ALIGNED
a114,Timo kitake.,ti-	maho	kita	-ke,2SG.POSS-	smell	be_strong	-DECL.F,"""You smell bad.""",,WORD_ALIGNED
a115,Tiwa mi narene.,tiwa	mii	na	-hare	-ne,2SG.O	defecate_on	AUX	-IP.E.M	-BKG.M,"""It defecated on you.""",,WORD_ALIGNED
a116,"Afi nebona tokifiwame afi ne, afi nematamonaka.",afi	na	-hibona	to-	ka	-fi	-waha	-me	afi	ne	afi	na	-himata	-mona	-ka,bathe	AUX	-INT.M	away-	go	-water	-change	-back.M	bathe	AUX.M	bathe	AUX	-FP.N.M	-REP.M	-DECL.M,He went to the water to bathe. He bathed.,,WORD_ALIGNED
a117,"Afi ne, afi ni, afi ni hawa toe ya kimisamematamona.",afi	ne	afi	ni	afi	ni	hawa	to-	he	ya	ka	-misa	-ma	-himata	-mona,bathe	AUX.M	bathe	AUX.NFIN	bathe	AUX.NFIN	be_finished	CH-	AUX.NOM.M	ADJU	come	-up	-back	-FP.N.M	-REP.M,"He bathed. When he finished bathing, he came onto the shore.",,WORD_ALIGNED
a118,"Kimisame, kimisamematamonaka.",ka	-misa	-me	ka	-misa	-ma	-himata	-mona	-ka,come	-up	-back.M	come	-up	-back	-FP.N.M	-REP.M	-DECL.M,He came onto the shore.,,WORD_ALIGNED
a119,"Kimisame ya, Oof owa te kasomake.",ka	-misa	-me	ya	oof	owa	tee	ka-	soma	-ke,come	-up	-back.NOM.M	ADJU	hoo	1SG.O	2PL.S	COMIT-	help	-DECL.F,"He came onto the shore. ""Hoo, you saved me.""",,WORD_ALIGNED
a120,Tika ha ni tika ha ni ota mita otake.,ti-	ka	haa	ni	ti-	ka	haa	ni	otaa	mita	otaa	-ke,2SG.POSS-	POSS	call	AUX.NFIN	2SG.POSS-	POSS	call	AUX.NFIN	1EX.S	hear.F	1EX.S	-DECL.F,"""We heard you calling.""",,WORD_ALIGNED
a121,Tika ha ni ota mita otani.,ti-	ka	haa	ni	otaa	mita	otaa	-ni,2SG.POSS-	POSS	call	AUX.NFIN	1EX.S	hear.F	1EX.S	-BKG.F,"""We heard you calling.""",,WORD_ALIGNED
a122,"Ha tina tika ha ni ota mitimakoni ota kakia, tiwa ota wasikineke.",haa	ti-	na	ti-	ka	haa	ni	otaa	mita	-makoni	otaa	ka-	ka	-kia	tiwa	otaa	wasi	-ki	-ne	-ke,call	2SG.S-	AUX.F	2SG.POSS-	POSS	call	AUX.NFIN	1EX.S	hear	-for_this_reason.F	1EX.S	COMIT-	come	-coming.F	2SG.O	1EX.S	find	-coming	-CONT.F	-DECL.F,"""When you called, we heard you calling, and for this reason we came and found you.""",,WORD_ALIGNED
a123,Tiwa ota wasia tiwa ota kasoma.,tiwa	otaa	wasiha	tiwa	otaa	ka-	soma,2SG.O	1EX.S	find.F	2SG.O	1EX.S	COMIT-	help.F,"""We found you, and saved you.""",,WORD_ALIGNED
a124,Tiwa kabene amake.,tiwa	kaba	-hene	ama	-ke,2SG.O	eat	-IRR.F	SEC	-DECL.F,"""It would have eaten you.""",,WORD_ALIGNED
a125,Tiwa kabene amani.,tiwa	kaba	-hene	ama	-ni,2SG.O	eat	-IRR.F	SEC	-BKG.F,"""It would have eaten you.""",,WORD_ALIGNED
a126,Tiwa kabehene amake.,tiwa	kaba	-hene	ama	-ke,2SG.O	eat	-IRR.F	SEC	-DECL.F,"""It would have eaten you.""",,WORD_ALIGNED
a127,Tiwa nabowehene amake.,tiwa	naabowa	-hene	ama	-ke,2SG.O	kill	-IRR.F	SEC	-DECL.F,"""It would have killed you.""",,WORD_ALIGNED
a128,"Tiwa nabowehene tiwa, tiwa ota kasomineke.",tiwa	naabowa	-hene	tiwa	tiwa	otaa	ka-	soma	-ne	-ke,2SG.O	kill	-IRR.F	2SG.O	2SG.O	1EX.S	COMIT-	help	-CONT.F	-DECL.F,"""It would have killed you. We saved you.""",,WORD_ALIGNED
a129,Hasi tina tikamahi.,hasi	ti-	na	ti-	ka	-ma	-hi,escape	2SG.S-	AUX.F	2SG.S-	go	-back	-IMP.F,"""You have escaped, now go home.""",,WORD_ALIGNED
a130,Tikamahi.,ti-	ka	-ma	-hi,2SG.S-	go	-back	-IMP.F,"""Go home.""",,WORD_ALIGNED
a131,Ota towakamiba.,otaa	to-	ka-	ka	-ma	-baha,1EX.S	away-	COMIT-	go	-back	-before.F,"""We will take it away.""",,WORD_ALIGNED
a132,Ota kabibe.,otaa	kaba	-be,1EX.S	eat	-IMMED.F,"""We will eat it.""",,WORD_ALIGNED
a133,Te kabiya.,tee	kaba	-yahi,2PL.S	eat	-DIST.IMP.F,"""You eat it.""",,WORD_ALIGNED
a134,Owa owa wataharake.,owa	owa	wata	-hara	-ke,1SG.O	1SG.O	catch	-IP.E.F	-DECL.F,"""It captured me.""",,WORD_ALIGNED
a135,Awaawa orahani.,awa-	awa	o-	-ra	-hani,DUP-	see	1SG.S-	-NEG	-IP.N.F,"""I didn't see it.""",,WORD_ALIGNED
a136,Obatasi ka ya owa wata amake.,o-	batasi	ka	ya	owa	wata	ama	-ke,1SG.POSS-	middle_of_back	LOC	ADJU	1SG.O	catch.F	SEC	-DECL.F,"""It captured me from behind.""",,WORD_ALIGNED
a137,Faya me towakamemetemoneke.,faya	me	to-	ka-	ka	-ma	-hemete	-mone	-ke,so	3PL.S	away-	COMIT-	go	-back	-FP.N.F	-REP.F	-DECL.F,Then the two of them went away.,,WORD_ALIGNED
a138,"Tokome nowati ya me towakama me tiwa himisa me, me tiwa himisa me towakama me hikabemetemone.",to-	ka	-me	nowati	ya	me	to-	ka-	ka	-ma	me	tiwa	hi-	-misa	me	me	tiwa	hi-	-misa	me	to-	ka-	ka	-ma	me	hi-	kaba	-hemete	-mone,away-	go	-back.M	after	ADJU	3PL.S	away-	COMIT-	go	-back.F	3PL.S	carry	OC-	-up.F	3PL	3PL.S	carry	OC-	-up.F	3PL.S	away-	COMIT-	go	-back.F	3PL.S	OC-	eat	-FP.N.F	-REP.F,"After he left, they left. They put it on their shoulders, and went, and ate it.",,WORD_ALIGNED
a139,Hoo inamati inamati were kane ota nabowe ota kakamineke.,hoo	inamati	inamati	were	ka-	ne	otaa	na-	abohe	otaa	ka-	ka	-ma	-ne	-ke,whew	someone(M)	someone(M)	throw	COMIT-	AUX.M	1EX.S	CAUS-	die.M	1EX.S	COMIT-	come	-back	-CONT.F	-DECL.F,"""Whew, it threw the man, and we killed it, and we are bringing it.""",,WORD_ALIGNED
a140,"Inamati inamati were kane ota, nabowe ota kakamine, me hina, faya me hikabemetemone fahi.",inamati	inamati	were	ka-	ne	otaa	na-	abohe	otaa	ka-	ka	-ma	-ne	me	hi-	na	faya	me	hi-	kaba	-hemete	-mone	fahi,someone(M)	someone(M)	throw	COMIT-	AUX.M	1EX.S	CAUS-	die.M	1EX.S	COMIT-	come	-back	-CONT.F	3PL.S	OC-	say.F	so	3PL.S	OC-	eat	-FP.N.F	-REP.F	then,"""It threw the man, and we killed it, and we are bringing it,"" they said. They ate it.",,WORD_ALIGNED
a141,Tasi tonamematamonaka.,tasi	to-	na	-ma	-himata	-mona	-ka,emerge	away-	AUX	-back	-FP.N.M	-REP.M	-DECL.M,He arrived back.,,WORD_ALIGNED
a142,Hoo inamati owa were kanaba owa watani okomine oke.,hoo	inamati	owa	were	ka-	na	-haba	owa	wata	-hani	o-	ka	-ma	-ne	o-	ke,whew	spirit(M)	1SG.O	throw	COMIT-	AUX	-FUT.F	1SG.O	catch	-IP.N.F	1SG.S-	come	-back	-CONT.F	1SG.S-	DECL.F,"""Whew, a spirit captured me to throw me, and I have come back.""",,WORD_ALIGNED
a143,"Inamati, watore tinani tiwa awine ti bati ati nematamonaka.",inamati	watore	ti-	na	-hani	tiwa	awine	ti	bati	ati	na	-himata	-mona	-ka,spirit(M)	forget	2SG.S-	AUX	-IP.N.F	2SG.S	seem.F	2SG.S	3SG.POSS.father(M)	say	AUX	-FP.N.M	-REP.M	-DECL.M,"""You were not wary,"" his father said.",The word inamati is a false start.,WORD_ALIGNED
a144,Kose mati toa awine kose mati.,kose_mati	to-	ha	awine	kose_mati,name_of_monster(M)	CH-	be.F	seem.F	name_of_monster(M),"""It must have been a kose mati.""","At various points in the story, Siko switches back and forth between masculine and feminine agreement for the monster.",WORD_ALIGNED
a145,"Inamati wehinoka wasina habi ya, mase hi ni hiri ne tonokomisari ahi.",inamati	waa	-hino	-ka	wasina	habi	ya	mase	hii	ni	hiri	ne	to-	noko	-misa	-haari	ahi,spirit(M)	stand	-IP.N.M	-DECL.M	kapok(F)	root.F	ADJU	curassow(M)	call	AUX.NFIN	make	AUX.M	away-	point	-up	-IP.E.M	then,"""The monster was standing among the buttress roots of a kapok tree, looking up and calling like a curassow.""",,WORD_ALIGNED
a146,Tonokomiseno ki one obatasi ka owawitebone obatasi owa watareka.,to-	noko	-misa	-hino	kii	o-	ne	o-	batasi	ka	o-	waa	-wite	-habone	o-	batasi	owa	wata	-hare	-ka,away-	point	-up	-IP.N.M	look_at	1SG.S-	AUX.M	1SG.POSS-	middle_of_back	LOC	1SG.S-	stand	-out	-INT.F	1SG.POSS-	middle_of_back	1SG.O	catch	-IP.E.M	-DECL.M,"""It was looking up. I was looking at it, and when I changed my position, it captured me from behind.""",The words obatasi ka are a false start.,WORD_ALIGNED
a147,Kose mati tohe awane.,kose_mati	to-	he	awa	-ne,name_of_monster(M)	CH-	be.M	seem.M	-BKG.M,"""It must have been a kose mati.""",,WORD_ALIGNED
a148,Oof totoka tihahi waha ya.,oof	to-	to-	ka	ti-	ha	-hi	waha	ya,hoo	DUP-	away-	go	2SG.S-	AUX	-IMP.F	flooded_forest(F)	ADJU,"""You shouldn't go to the flooded forest.""",,WORD_ALIGNED
a149,Yama watemone amani waha ya.,yama	wata	-hamone	ama	-ni	waha	ya,thing(F)	be_located	-REP.F	SEC	-BKG.F	flooded_forest(F)	ADJU,"""The monster is there in the flooded forest.""",,WORD_ALIGNED
a150,Waha ya watemona me na hihehimari amane tiwa wata nanoho.,waha	ya	wata	-himona	me	na	hi-	ha	-himari	ama	-ne	tiwa	wata	na	-no	-ho,flooded_forest(F)	ADJU	be_located	-REP.M	3PL.S	say	OC-	AUX	-FP.E.M	SEC	-BKG.M	2SG.O	catch.CONT.M	AUX.NOM.M	-IP.N.M	-DUP,"""People used to say long ago that it is in the flooded forest, and now it captured you.""","Although the indirect quote margin means 'people used to say' as indicated, the word na is not actually a verb meaning 'say'. The verb of the clause is ati na 'say', but there is a morphophonological rule that applies when this verb is used in the iterative construction, and there is a person prefix, in this case hi- (Dixon 2004:118). I have glossed the auxiliary na as 'say' in order to make things easier for the reader. When the rule does not apply, i.e. when there is no person prefix, the reduplicated root aati appears instead of the auxiliary, as in sentence (61) of ""The First Corn"".",WORD_ALIGNED
a151,Owa wate owa were kane me inamati owa kasoma me towakamarake.,owa	wate	owa	were	ka-	ne	me_inamati	owa	ka-	soma	me	to-	ka-	ka	-ma	-hara	-ke,1SG.O	catch.M	1SG.O	throw	COMIT-	AUX.M	spirits(F)	1SG.O	COMIT-	help.F	3PL.S	away-	COMIT-	go	-back	-IP.E.F	-DECL.F,"""It captured me, and threw me. Two spirits saved me, and then went away.""",,WORD_ALIGNED
a152,Owa me kasoma me towakamarake.,owa	me	ka-	soma	me	to-	ka-	ka	-ma	-hara	-ke,1SG.O	3PL.S	COMIT-	help.F	3PL.S	away-	COMIT-	go	-back	-IP.E.F	-DECL.F,"""They saved me, and then went away.""",,WORD_ALIGNED
a153,Owa owa tiwarene ama tike.,owa	owa	ti-	awa	-ra	-hene	ama	ti-	ke,1SG.O	1SG.O	2SG.S-	see	-NEG	-IRR.F	SEC	2SG.S-	DECL.F,"""You wouldn't have seen me anymore.""",,WORD_ALIGNED
a154,Owa wete kanareka isiri ya.,owa	wete	ka-	na	-hare	-ka	isiri	ya,1SG.O	tie	COMIT-	AUX	-IP.E.M	-DECL.M	basket(F)	ADJU,"""It tied me in a basket.""",,WORD_ALIGNED
a155,Ha onamone onoko mi hina ama haro.,haa	o-	na	-hamone	o-	noko	mii	hi-	na	ama	haaro,call	1SG.S-	AUX	-REP.F	1SG.POSS-	face	defecate_on	OC-	AUX.F	SEC	that_one.F,"""It defecated on my face, because it said I was calling out.""","The fact that the prefix hi- is present in mi hina shows that the O is third person. The O is onoko, so the hi- shows that onoko is a third person NP even though it is an inalienably possessed noun with a first person singular possessor. That is, the possessor does not determine the person of the NP. See the discussion in Dixon (2004:288f).",WORD_ALIGNED
a156,Iyo wani ama ahi.,iyo	wani	ama	ahi,feces(F)	be_attached.NOM.F	SEC	then,"""There were feces on my face.""",,WORD_ALIGNED
a157,"Onoko mi ne owa towakimisamatase, owa koro tokowite, okobokabone owa.",o-	noko	mii	ne	owa	to-	ka-	ka	-misa	-ma	-tase	owa	koro	to-	ka-	-wite	o-	ka-	boka	-habone	owa,1SG.POSS-	face	defecate_on	AUX.M	1SG.O	away-	COMIT-	go	-up	-back	-again.M	1SG.O	throw	away-	COMIT-	-out	1SG.S-	COMIT-	enter_water	-INT.F	1SG.S,"""It defecated on my face. It took me back up again in the tree, and threw me, so I would go into the water.""",,WORD_ALIGNED
a158,Fa boti ihi ohabone ati narene.,faha	boti	ihi	o-	ha	-habone	ati	na	-hare	-ne,water(F)	inside	victim_of.F	1SG.S-	be	-INT.F	say	AUX	-IP.E.M	-BKG.M,"""It wanted me to drown.""",,WORD_ALIGNED
a159,"Faya okabokabone ati ne, kaboki owatorara oke.",faya	o-	ka-	boka	-habone	ati	ne	ka-	boki	o-	wato	-ra	-hara	o-	ke,so	1SG.S-	COMIT-	enter_water	-INT.F	say	AUX.M	COMIT-	enter_water.NFIN	1SG.S-	know	-NEG	-IP.E.F	1SG.S-	DECL.F,"""It wanted me to go in the water, but I couldn't go in the water.""",,WORD_ALIGNED
a160,Kaboki owatorimakoni hasi one oni.,ka-	boki	o-	wato	-ra	-makoni	hasi	o-	-ne	o-	ni,COMIT-	enter_water.NFIN	1SG.S-	know	-NEG	-for_this_reason.F	escape	1SG.S-	-CONT.F	1SG.S-	BKG.F,"""Because I couldn't go in the water, I survived.""",,WORD_ALIGNED
a161,Faya hasi onara fahi.,faya	hasi	o-	na	-hara	fahi,so	escape	1SG.S-	AUX	-IP.E.F	then,"""I survived.""",,WORD_ALIGNED
a162,"Oko ha ni me mitahani owa me nakiani me, i kiya kanarake okowitabasa owa ni ya.",o-	ka	haa	ni	me	mita	-hani	owa	me	na-	ka	-ki	-hani	me	ihi	kiya	ka-	na	-hara	-ke	o-	ka-	ita	-basa	owa	ni	ya,1SG.POSS-	POSS	call	AUX.NFIN	3PL.S	hear	-IP.N.F	1SG.O	3PL.S	CAUS-	come	-coming	-IP.N.F	3PL.POSS	result_of.F	yell	COMIT-	AUX	-IP.E.F	-DECL.F	DUP-	COMIT-	sit	-edge.F	1SG	to	ADJU,"""They heard me calling, and came after me. Because of them the monster cried out, as I was in the basket on the edge of the lake.""",,WORD_ALIGNED
a163,"Kosi abono me kosi abono memone me ati na me, kosi abono me, owa me kasoma me towakamarake.",kosi	abono	me	kosi	abono	me	-mone	me	ati	na	me	kosi	abono	me	owa	me	ka-	soma	me	to-	ka-	ka	-ma	-hara	-ke,palm_sp(M)	spirit	3PL	palm_sp(M)	spirit	3PL	-REP.F	3PL.S	say	AUX.F	3PL.S	palm_sp(M)	spirit	3PL.S	1SG.O	3PL.S	COMIT-	help.F	3PL.S	away-	COMIT-	go	-back	-IP.E.F	-DECL.F,"""They said they were spirits of the kosi palm. The two kosi spirits saved me, and then went away.""",,WORD_ALIGNED
a164,Okoma tasi onamine o.,o-	ka	-ma	tasi	o-	na	-ma	-ne	o,1SG.S-	come	-back.F	emerge	1SG.S-	AUX	-back	-CONT.F	1SG.S,"""I came back, and appeared.""",,WORD_ALIGNED
a165,Owa te awamarene te amake.,owa	tee	awa	-ma	-ra	-hene	tee	ama	-ke,1SG.O	2PL.S	see	-back	-NEG	-IRR.F	2PL.S	SEC	-DECL.F,"""You wouldn't have seen me anymore.""",,WORD_ALIGNED
a166,Oabene ama oni fa boti ya.,o-	ahaba	-hene	ama	o-	ni	faha	boti	ya,1SG.S-	die	-IRR.F	SEC	1SG.S-	BKG.F	water(F)	inside	ADJU,"""I would have died in the depths of the water.""",,WORD_ALIGNED
a167,Faha boti ya ohabene ama oke.,faha	boti	ya	o-	ahaba	-hene	ama	o-	ke,water(F)	inside	ADJU	1SG.S-	die	-IRR.F	SEC	1SG.S-	DECL.F,"""I would have died in the water.""",,WORD_ALIGNED
a168,"Haha okomina te mitaharo, okoyo okoyo hikaraboemetemone?",haaha	o-	kamina	tee	mita	-haro	okoyo	okoyo	hi-	karaboha	-hemete	-mone,this.F	1SG.S-	tell.F	2PL.S	hear	-RP.E.F	my_older_brother(M)	my_older_brother(M)	OC-	shoot_with_blowgun	-FP.N.F	-REP.F,"Did you already hear the one I told, about what my older brother shot with a blowgun?",,WORD_ALIGNED
a169,Afa okomina te mitaroke.,afa	o-	kamina	tee	mita	-haro	-ke,this.F	1SG.S-	tell.F	2PL.S	hear	-RP.E.F	-DECL.F,"I told it, and you heard it.",,WORD_ALIGNED
a170,"One, oneboneke, kose mati owa.",one	one	-bone	-ke	kose_mati	owa,other.F	other.F	-INT.F	-DECL.F	name_of_monster(M)	other.M,"It will be another story, about another kose mati.",,WORD_ALIGNED
